{
  "users": [
    {
      "id": "7d32c09d-add2-451d-a255-2a91dea503d3",
      "username": "hectorf",
      "password_hash": "$2b$10$LyQuA0ZjK3SB3stYvFbHOOtCeUBbtkcYZN3Wt5R85E6YmDEY7a32S",
      "bucket": "master",
      "created_by": "admin",
      "assigned_folders": [],
      "group_name": null,
      "created_at": "2025-05-13T00:30:46.698253+00:00",
      "active": true
    },
    {
      "id": "ae68d49a-11d3-499a-bab6-fa4d649a73f5",
      "username": "hhffgg1",
      "password_hash": "$2b$10$uKPeQ.d0zfioYDKR5fw9WOcaKmZesNBlNIa9GWaBLmDMu4K2Z0zzm",
      "bucket": "contenedor003",
      "created_by": "admin3",
      "assigned_folders": [],
      "group_name": null,
      "created_at": "2025-05-13T01:40:44.524265+00:00",
      "active": true
    }
  ],
  "dynamic_users": [],
  "tags": [
    {
      "id": "ebce7cff-59bd-4642-87ca-97f56a24ae70",
      "bucket": "contenedor005",
      "tag_name": "Once",
      "category": "Grado",
      "created_by": "admin",
      "created_at": "2025-05-10T19:41:47.941913"
    },
    {
      "id": "5c207804-4505-432e-88c3-dd766fffea7d",
      "bucket": "contenedor005",
      "tag_name": "Algebra",
      "category": "Materia",
      "created_by": "admin",
      "created_at": "2025-05-10T19:37:46.979388"
    },
    {
      "id": "bf476f99-5c12-445a-a242-820b4f8d6200",
      "bucket": "contenedor005",
      "tag_name": "Cálculo",
      "category": "Materia",
      "created_by": "admin",
      "created_at": "2025-05-10T19:37:58.175364"
    },
    {
      "id": "a5d176f4-bbe7-4134-aec6-0c0393fa65c8",
      "bucket": "contenedor005",
      "tag_name": "Octavo",
      "category": "Grado",
      "created_by": "admin",
      "created_at": "2025-05-10T19:38:21.178647"
    },
    {
      "id": "9ea806b8-a3b5-4c0f-b73e-88e07c148630",
      "bucket": "contenedor005",
      "tag_name": "Noveno",
      "category": "Grado",
      "created_by": "admin",
      "created_at": "2025-05-10T19:38:38.493643"
    },
    {
      "id": "2447d86a-a5c1-4a75-bbc5-f3ea4cf9cedb",
      "bucket": "contenedor005",
      "tag_name": "Grado",
      "category": "Grado",
      "created_by": null,
      "created_at": "2025-05-13T01:54:27.467649"
    },
    {
      "id": "5906eaf4-9bdf-4e09-acb6-25f40b09f176",
      "bucket": "contenedor005",
      "tag_name": "Materia",
      "category": "Materia",
      "created_by": null,
      "created_at": "2025-05-13T01:54:27.467649"
    }
  ]
}