[
  {
    "id": "7d32c09d-add2-451d-a255-2a91dea503d3",
    "username": "hectorf",
    "password_hash": "$2b$10$LyQuA0ZjK3SB3stYvFbHOOtCeUBbtkcYZN3Wt5R85E6YmDEY7a32S",
    "bucket": "master",
    "created_by": "admin",
    "assigned_folders": [],
    "group_name": null,
    "created_at": "2025-05-13T00:30:46.698253+00:00",
    "active": true
  },
  {
    "id": "ae68d49a-11d3-499a-bab6-fa4d649a73f5",
    "username": "hhffgg1",
    "password_hash": "$2b$10$uKPeQ.d0zfioYDKR5fw9WOcaKmZesNBlNIa9GWaBLmDMu4K2Z0zzm",
    "bucket": "contenedor003",
    "created_by": "admin3",
    "assigned_folders": [],
    "group_name": null,
    "created_at": "2025-05-13T01:40:44.524265+00:00",
    "active": true
  }
]