{
  "users": [
    {
      "id": "7eaf5d41-8703-4202-a10a-27dfcc7fef6d",
      "username": "ttfug",
      "password_hash": "$2b$10$O9rKWbIWTJkiad5XhkstauIsk5H0eXulp7DD/G.zWD4fllufNGBuW",
      "bucket": "contenedor003",
      "created_by": "admin3",
      "assigned_folders": [],
      "group_name": null,
      "created_at": "2025-05-11T22:51:52.31463+00:00",
      "active": true
    }
  ],
  "dynamic_users": [
    {
      "id": "7eaf5d41-8703-4202-a10a-27dfcc7fef6d",
      "username": "ttfug",
      "password_hash": "$2b$10$O9rKWbIWTJkiad5XhkstauIsk5H0eXulp7DD/G.zWD4fllufNGBuW",
      "bucket": "contenedor003",
      "created_by": "admin3",
      "assigned_folders": [],
      "group_name": null,
      "created_at": "2025-05-11T22:51:52.31463+00:00",
      "active": true
    }
  ],
  "tags": [
    {
      "id": "f695fd11-6f81-4ecb-b1cd-1af09e0679ed",
      "bucket": "contenedor003",
      "tag_name": "color_1",
      "category": "color",
      "created_by": "admin3",
      "created_at": "2025-05-09T16:58:56.811757"
    },
    {
      "id": "d684b4f7-8918-4454-bc51-dece9302937a",
      "bucket": "contenedor003",
      "tag_name": "verde",
      "category": "color",
      "created_by": "admin3",
      "created_at": "2025-05-09T16:59:04.685582"
    }
  ]
}